model,price,miles,listing_type,year
EX,15997,73194 ,Used,2018
EX,23316,36370 ,Certified,2020
Sport,22988,35710 ,Used,2020
Sport,26500,4620 ,Used,2020
EX,19981,46242 ,Used,2016
LX,10985,137300 ,Used,2012
LX,20995,50018 ,Used,2019
Sport,20800,20106 ,Used,2019
LX,22995,28004 ,Certified,2020
Sport,23998,50394 ,Certified,2020
LX,6578,172178 ,Used,2006
EX,23795,40755 ,Certified,2020
Sport,22955,31227 ,Certified,2020
Hybrid Sedan,6495,164202 ,Used,2008
Sport Touring,33955,3688 ,Used,2022
EX,24795,32347 ,Certified,2018
EX,22998,38666 ,Certified,2018
Sport,29955,2414 ,Certified,2022
EX,16998,66555 ,Used,2014
Sport,23987,42046 ,Used,2020
Sport,22621,56864 ,Used,2018
LX,23631,8517 ,Used,2020
Sport,23831,46605 ,Used,2021
Type R,32990,35783 ,Used,2018
Sport,19490,19132 ,Used,2019
Sport,24990,8546 ,Used,2021
EX-L,20588,37792 ,Used,2017
EX,22988,40439 ,Used,2020
LX,19988,37966 ,Used,2019
EX-T,22900,24905 ,Used,2018
LX,17900,37349 ,Used,2019
LX,12995,11555 ,Used,2003
Sport,25795,23860 ,Certified,2020
LX,23175,34785 ,Certified,2020
EX-L,21794,49181 ,Used,2017
Sport,29996,15876 ,Certified,2022
LX,24998,30685 ,Certified,2019
EX,28550,8456 ,Certified,2022
Sport,23721,65084 ,Used,2021
EX-L,17991,51067 ,Used,2015
LX,23881,35870 ,Used,2020
LX,10961,164906 ,Used,2015
Sport Touring,28465,20971 ,Used,2022
Sport Touring,28481,16643 ,Used,2022
Sport,21981,33229 ,Used,2019
Sport,24481,53504 ,Used,2021
LX,21481,28316 ,Used,2019
LX,22981,14177 ,Used,2020
EX,24981,22778 ,Used,2020
EX,21981,74510 ,Used,2017
EX,24981,23837 ,Used,2020
LX,16981,47686 ,Used,2014
EX,22981,43830 ,Used,2017
EX-T,22250,40250 ,Used,2018
EX,28888,7245 ,Used,2021
SE,18988,52482 ,Used,2015
LX,21888,30567 ,Certified,2019
EX-L,27998,19033 ,Used,2019
EX,23500,54035 ,Certified,2018
EX,26998,37745 ,Certified,2021
EX,15498,83909 ,Used,2014
LX,21500,48756 ,Certified,2019
EX,18500,72246 ,Used,2016
LX,8888,156731 ,Used,2010
Type R,42955,20928 ,Used,2020
EX-L,16955,63365 ,Used,2014
LX,14190,86770 ,Used,2014
Si,9500,130200 ,Used,2008
LX,13500,41213 ,Used,2010
LX,11800,72126 ,Used,2010
Si,28991,15745 ,Used,2020
EX,24860,26712 ,Used,2019
LX,15591,42294 ,Used,2012
Sport,24413,32456 ,Used,2020
Sport,26069,22669 ,Used,2022
EX,26785,21802 ,Used,2020
Sport,27111,15769 ,Used,2020
LX,15609,104339 ,Used,2016
EX,24811,27520 ,Used,2020
LX,12962,42905 ,Used,2012
LX,21932,9515 ,Used,2017
EX-L,22990,35678 ,Used,2017
Sport,28590,21715 ,Used,2021
EX-T,19999,58032 ,Used,2017
Hybrid Sedan,11998,80620 ,Used,2012
EX,23657,51742 ,Used,2022
EX-T,23900,7477 ,Used,2018
EX,11988,116878 ,Used,2012
EX-L,15884,96650 ,Used,2015
LX,13884,59534 ,Used,2012
EX,21200,32143 ,Used,2016
EX-L,23982,31632 ,Certified,2020
EX,16968,75642 ,Used,2015
EX,24571,37433 ,Used,2019
LX,26998,20506 ,Used,2022
Si,22995,63434 ,Used,2017
EX-T,23955,54837 ,Used,2018
LX,23995,23802 ,Used,2019
Si,20000,82300 ,Used,2015
LX,23999,20402 ,Used,2021
LX,21332,60925 ,Used,2019
EX-T,17399,97839 ,Used,2016
LX,19200,43537 ,Used,2016
EX,28994,11889 ,Used,2021
Sport,23882,23140 ,Used,2020
Si,27771,55324 ,Used,2019
EX,15350,77593 ,Used,2015
LX,19995,30333 ,Used,2020
HF,10950,102754 ,Used,2012
LX,17950,67043 ,Used,2016
LX,10950,93379 ,Used,2011
EX-L,16950,59974 ,Used,2015
LX,13450,97609 ,Used,2014
LX,19350,27191 ,Used,2019
Sport,25240,9274 ,Used,2022
Sport,26999,7604 ,Used,2022
Sport,28588,7941 ,Used,2022
LX,14288,94589 ,Used,2015
Sport,27255,19773 ,Used,2020
Sport,24995,29461 ,Used,2021
LX,8498,73032 ,Used,2006
LX,14995,64985 ,Used,2015
Hybrid Sedan,5499,185895 ,Used,2007
Hybrid Sedan,7999,131214 ,Used,2007
LX,20497,57046 ,Used,2020
Sport,28995,3324 ,Used,2022
LX,5998,230840 ,Used,2006
LX,14998,91391 ,Used,2015
EX-T,21500,40885 ,Used,2017
EX,18900,41167 ,Used,2015
Sport,27488,20953 ,Used,2022
LX,23488,13651 ,Used,2021
Sport,22488,24657 ,Used,2019
LX,19588,15734 ,Used,2018
EX,26999,13489 ,Used,2022
DX-VP,11999,44858 ,Used,2010
LX,24999,6500 ,Used,2020
EX-L,15999,57026 ,Used,2013
EX-L,24499,40299 ,Used,2020
LX,18781,78848 ,Used,2019
Si,29387,19045 ,Used,2020
LX,21654,55245 ,Used,2020
GX,7995,158000 ,Used,2010
Hybrid Sedan,6495,161000 ,Used,2008
Sport,25497,19752 ,Used,2019
LX,15570,60000 ,Used,2015
EX,28900,22683 ,Used,2022
LX,21900,37820 ,Used,2019
EX,21499,31927 ,Used,2016
EX-T,20999,55380 ,Used,2016
Type R Limited Edition,55999,10360 ,Used,2021
EX-L,16750,80575 ,Used,2015
EX-T,19985,53918 ,Used,2016
Sport,28500,3590 ,Used,2022
Si,24858,87152 ,Used,2019
Sport,26985,38834 ,Used,2020
Sport,27750,7455 ,Used,2022
EX-L,23750,43380 ,Used,2018
Sport,27900,33596 ,Used,2020
EX,26900,32601 ,Used,2020
LX,22555,28447 ,Certified,2020
LX,23618,36893 ,Used,2020
LX,11499,85710 ,Used,2011
EX,23991,32970 ,Used,2020
EX,19488,63076 ,Used,2016
EX-L,17500,80497 ,Used,2014
EX,24800,28629 ,Used,2019
Sport,22990,47280 ,Used,2017
HF,14990,78437 ,Used,2013
EX-T,18882,69531 ,Used,2016
Sport,27990,12602 ,Used,2022
Touring,19990,76628 ,Used,2016
LX,21488,17415 ,Used,2020
EX-T,23288,34962 ,Used,2018
Sport,27078,7357 ,Used,2022
LX,28945,6727 ,Certified,2022
Sport,23912,38115 ,Used,2020
Sport,28938,13856 ,Used,2021
EX-L,9998,172525 ,Used,2013
Sport,26302,25310 ,Used,2018
LX,20111,96688 ,Used,2020
LX,17828,32183 ,Used,2015
Sport,26998,9307 ,Certified,2022
Sport,23751,12018 ,Used,2019
EX-L,24656,22879 ,Certified,2019
Sport,24451,38749 ,Certified,2019
LX,22498,32096 ,Certified,2020
Si,37991,17 ,Used,2022
LX,20803,72758 ,Used,2020
EX,12822,120623 ,Used,2013
EX-T,22028,34654 ,Used,2016
LX,21940,76124 ,Used,2020
Sport,24309,53074 ,Used,2021
Sport,24922,43618 ,Used,2021
LX,14961,126986 ,Used,2016
Sport,27961,7518 ,Used,2022
Sport,24363,48175 ,Used,2019
Si,27963,29264 ,Used,2019
Sport,29984,4786 ,Certified,2022
Sport,30995,16301 ,Certified,2022
Sport,29988,8986 ,Used,2022
LX,19582,28228 ,Used,2019
EX,24242,74031 ,Used,2020
Sport,26888,16138 ,Used,2022
Si,26988,24854 ,Certified,2019
LX,12501,146016 ,Used,2017
Type R,38880,44552 ,Used,2019
EX,16812,56391 ,Used,2014
Touring,29345,30878 ,Used,2022
Touring,31900,3252 ,Used,2022
Hybrid Sedan,9900,93509 ,Used,2006
Sport Touring,26495,23200 ,Used,2019
LX,22491,17701 ,Used,2020
Sport,22692,47261 ,Used,2020
LX,22492,26902 ,Used,2020
EX,19461,83030 ,Used,2018
LX,22871,16346 ,Used,2020
LX-S,12991,62152 ,Used,2010
LX,23482,10044 ,Used,2021
Sport,24744,54590 ,Used,2020
Sport,25841,17194 ,Used,2021
LX,18992,63455 ,Used,2018
Sport,26536,18924 ,Used,2021
LX,18433,85646 ,Used,2017
LX,9995,87271 ,Used,2008
Sport,22975,44997 ,Used,2018
EX-L,24906,24047 ,Used,2019
LX,19950,38847 ,Used,2018
EX,15999,54101 ,Used,2012
LX,17988,32220 ,Used,2015
EX,27499,10219 ,Used,2022
Sport,28999,3886 ,Used,2022
Sport,27999,8093 ,Used,2022
Sport,28499,9207 ,Used,2022
Sport,27999,6931 ,Used,2022
EX,27999,12550 ,Used,2022
LX,7550,149428 ,Used,2006
Sport,26999,13565 ,Used,2022
LX,22999,21430 ,Used,2021
Sport,24999,15946 ,Used,2018
Sport,28888,79 ,Certified,2022
EX-L,24999,4603 ,Used,2020
LX,21999,21932 ,Used,2021
Sport,25491,30423 ,Used,2021
LX,15880,64327 ,Used,2015
LX,21496,57381 ,Used,2019
EX-L,21994,40476 ,Used,2017
Sport,28499,9057 ,Used,2022
EX,16999,65386 ,Used,2015
EX,24927,7690 ,Used,2019
LX,18998,62453 ,Used,2019
EX,13998,150991 ,Used,2018
Sport,30888,18595 ,Used,2020
Si,19998,89236 ,Used,2014
Type R,48888,7854 ,Used,2021
SE,17490,60551 ,Used,2015
EX,28991,8375 ,Used,2021
Sport,25991,18830 ,Used,2019
LX,24991,21749 ,Used,2021
EX,19991,52015 ,Used,2017
LX,12994,91458 ,Used,2014
LX,16998,85127 ,Used,2016
LX,11998,120266 ,Used,2013
Si,27999,7024 ,Used,2020
LX,20698,48369 ,Certified,2020
LX,22499,23349 ,Certified,2020
LX,21499,43460 ,Certified,2020
LX,23500,52255 ,Used,2020
LX,24000,38134 ,Used,2020
EX-T,22200,21162 ,Used,2016
LX,18708,77817 ,Used,2020
Sport,28590,7775 ,Used,2022
EX,22491,61112 ,Used,2017
LX,9997,121185 ,Used,2012
EX-L,7497,139708 ,Used,2008
Hybrid Sedan,11997,143472 ,Used,2015
LX,9997,68440 ,Used,2014
LX,9497,134157 ,Used,2012
EX,7997,135075 ,Used,2007
Sport,26088,30003 ,Certified,2020
Sport,30179,16783 ,Certified,2022
Sport,29805,18778 ,Certified,2022
Sport,29145,6658 ,Certified,2021
Sport,27891,24323 ,Certified,2021
Sport Touring,33800,15777 ,Used,2022
Sport,26588,26535 ,Certified,2021
LX,24999,54012 ,Used,2020
Sport,25598,57067 ,Used,2020
Sport,32998,12744 ,Used,2022
Sport,24997,25181 ,Used,2021
Sport,28998,41695 ,Used,2022
Sport,25995,16275 ,Used,2022
Sport,22615,51228 ,Certified,2019
Sport,24995,11897 ,Used,2019
LX,21432,46348 ,Used,2020
EX-T,21997,14138 ,Used,2017
EX,16999,72684 ,Used,2014
EX-L,19999,78723 ,Used,2016
LX,22495,46580 ,Used,2019
Type R,41497,44603 ,Used,2019
EX,29742,56380 ,Used,2019
LX,23467,49718 ,Certified,2019
LX,29888,25135 ,Certified,2022
EX,8995,135675 ,Used,2007
LX,20988,37411 ,Used,2020
Type R,48349,18708 ,Certified,2021
Sport,29965,32105 ,Certified,2021
EX,27427,31355 ,Certified,2019
LX,29888,25135 ,Certified,2022
LX,29897,22455 ,Certified,2022
Sport,22990,34869 ,Certified,2021
EX,15300,141760 ,Used,2016
Sport,27491,27967 ,Used,2020
Sport,25499,41915 ,Used,2019
EX,25391,31452 ,Certified,2020
Sport,28792,14501 ,Certified,2022
EX,19000,63097 ,Used,2017
LX,21488,31765 ,Used,2021
EX-L,14478,120909 ,Used,2015
EX-L,25900,23421 ,Used,2019
EX-L,25357,29051 ,Certified,2019
EX,24477,23035 ,Certified,2019
LX,13900,89037 ,Used,2013
Type R,42900,33032 ,Used,2019
LX,16900,33912 ,Used,2013
Sport,22900,75545 ,Used,2018
LX,14990,121895 ,Used,2014
Sport,25990,13263 ,Used,2020
Touring,30700,15270 ,Used,2022
Si,27909,25987 ,Used,2019
EX,17800,100238 ,Used,2016
EX-T,17750,118384 ,Used,2017
EX-L,10500,134221 ,Used,2009
LX,17999,96657 ,Used,2017
EX,6995,168183 ,Used,2007
EX-T,17691,78533 ,Used,2016
Sport,25995,10172 ,Used,2021
EX,25311,36949 ,Used,2019
LX,23294,24269 ,Used,2021
LX,22499,27358 ,Used,2021
LX,18988,52843 ,Used,2020
LX,19988,28246 ,Used,2017
LX,10988,106551 ,Used,2008
LX,18988,57896 ,Used,2018
EX-T,19998,57832 ,Used,2018
Sport,25998,31523 ,Used,2019
LX,16499,37866 ,Used,2013
EX-L,18457,38568 ,Used,2015
LX,21950,41282 ,Used,2021
LX,9799,131611 ,Used,2008
Sport,27999,24365 ,Used,2020
EX,19995,64050 ,Used,2019
EX,22791,41444 ,Used,2017
EX-L,18200,65926 ,Used,2015
EX,29995,14580 ,Used,2022
Sport,26500,26914 ,Certified,2021
Sport,27526,10877 ,Used,2022
Sport,26289,31901 ,Used,2021
Sport,25596,16746 ,Certified,2021
Sport,23882,42461 ,Certified,2020
LX,22116,31812 ,Certified,2020
EX,25933,33056 ,Certified,2021
Sport,23972,38802 ,Certified,2021
Sport,24659,14833 ,Certified,2020
LX,25954,12993 ,Certified,2022
Sport,22712,57637 ,Certified,2020
LX,22717,31011 ,Certified,2021
Sport,24754,31649 ,Used,2020
LX,21741,21193 ,Used,2019
Sport,27295,33161 ,Used,2020
EX,23585,37018 ,Used,2020
LX,4995,191000 ,Used,2005
LX,8995,136010 ,Used,2009
Sport,23988,66553 ,Used,2018
LX,28998,15445 ,Used,2022
EX,23988,48050 ,Used,2018
Sport,24485,54036 ,Used,2020
Sport,25485,4428 ,Used,2019
EX-L,16777,66753 ,Used,2014
Si,27950,17800 ,Used,2017
EX,16999,101014 ,Used,2015
EX,17999,85650 ,Used,2015
LX,18999,91662 ,Used,2014
LX,21999,97712 ,Used,2018
EX-T,21999,69594 ,Used,2016
EX,27999,33547 ,Used,2018
LX,23499,25056 ,Used,2019
EX-L,21785,44474 ,Used,2017
Sport,23985,30567 ,Used,2020
EX,19988,72285 ,Used,2018
EX-L,32997,7657 ,Used,2022
Si,30997,16880 ,Used,2020
LX,23997,10379 ,Used,2020
Sport,29497,4590 ,Used,2022
Sport,24997,38250 ,Used,2019
Sport,28997,19367 ,Used,2022
Sport,30997,15378 ,Used,2022
EX-L,31997,7538 ,Used,2022
EX,29997,22004 ,Used,2021
Si,28997,29342 ,Used,2019
EX,29997,435 ,Used,2022
Si,18774,65930 ,Used,2015
Sport,26251,21190 ,Used,2022
LX,18384,137324 ,Used,2019
Sport,22981,78386 ,Used,2019
Sport,25892,48902 ,Certified,2020
Sport,29382,22730 ,Certified,2021
EX,27383,20178 ,Certified,2019
Sport,24442,48777 ,Used,2018
Sport Touring,34981,12789 ,Certified,2022
EX,28981,18156 ,Certified,2021
LX,22984,38487 ,Certified,2020
Sport,29382,26163 ,Certified,2022
LX,18651,80370 ,Used,2016
LX,23491,22958 ,Certified,2020
EX,30991,16185 ,Certified,2020
EX,26991,19069 ,Certified,2021
LX,19999,97987 ,Used,2017
Sport,31999,39333 ,Used,2022
Sport,27000,25101 ,Used,2022
LX,22550,32618 ,Used,2020
Sport,25758,15479 ,Certified,2020
EX,26437,20663 ,Certified,2021
Sport,23993,35824 ,Certified,2020
EX,18645,98761 ,Used,2017
Sport,24174,30389 ,Certified,2019
Sport,25236,29684 ,Certified,2020
LX,14999,103123 ,Used,2012
Sport,31999,28146 ,Used,2019
LX,12989,140602 ,Used,2014
EX,17989,83617 ,Used,2017
LX,12989,93605 ,Used,2013
EX-L,20000,71385 ,Used,2018
LX,23500,36626 ,Used,2020
LX,7400,115292 ,Used,2008
EX,15999,89900 ,Used,2015
Sport,18990,80850 ,Used,2017
EX,25574,26091 ,Used,2021
Sport,25458,34325 ,Used,2020
Sport,23990,54365 ,Used,2019
Si,27990,35190 ,Used,2020
LX-P,16988,77305 ,Used,2016
Si,26977,46911 ,Used,2019
LX,16988,49941 ,Used,2015
LX,22545,27593 ,Used,2021
LX,17998,43523 ,Used,2014
LX,23995,24899 ,Certified,2021
Sport,24988,25822 ,Certified,2020
Sport,27488,34766 ,Used,2020
LX,17995,62600 ,Used,2018
Sport,27995,29092 ,Certified,2019
LX,22995,35005 ,Used,2020
Sport,24779,57795 ,Used,2018
EX,25804,45980 ,Used,2019
EX-L,28880,19725 ,Used,2021
Sport,26426,42398 ,Used,2021
EX,28995,34854 ,Used,2021
LX,11995,160273 ,Used,2012
LX,24988,25350 ,Used,2021
EX-T,19988,62871 ,Used,2017
Si,29999,15076 ,Used,2019
LX,25999,2768 ,Used,2019
Sport,30999,10058 ,Used,2021
LX,24699,22000 ,Used,2019
EX,21998,52125 ,Used,2018
EX,17988,93420 ,Used,2019
LX,22888,38180 ,Used,2020
Sport,25799,47832 ,Certified,2020
EX,26969,20407 ,Certified,2019
Si,14999,100664 ,Used,2011
Sport,29487,6313 ,Used,2021
Type R,39582,29495 ,Used,2019
EX-L,13998,111813 ,Used,2015
LX,20798,60407 ,Used,2019
Sport,27988,15250 ,Used,2022
LX,16988,88830 ,Used,2017
EX-L,24588,30019 ,Used,2019
LX,22988,38906 ,Used,2020
EX,20888,45372 ,Used,2016
EX-T,23988,38991 ,Used,2016
Sport,23988,44135 ,Used,2020
LX,17900,67575 ,Used,2019
Sport,26660,32629 ,Used,2020
LX,17000,52973 ,Used,2014
LX,15995,60753 ,Used,2015
LX,15900,122875 ,Used,2017
EX-L,21800,68295 ,Used,2018
LX,19900,54101 ,Used,2016
EX-L,14888,71008 ,Used,2013
EX,26888,7570 ,Used,2021
LX,18995,76797 ,Used,2016
SE,15995,87204 ,Used,2015
Sport,26998,22836 ,Used,2019
LX-P,22995,45409 ,Used,2016
Sport,25995,66455 ,Used,2019
Sport,29998,32473 ,Certified,2021
Sport,24995,37225 ,Used,2020
Sport,28998,8766 ,Certified,2020
LX,25998,12664 ,Used,2019
Sport,29998,7287 ,Certified,2021
EX,27998,25718 ,Certified,2020
LX,29998,3991 ,Certified,2022
LX,29995,27346 ,Certified,2022
EX,3999,218500 ,Used,2001
LX-P,18978,41122 ,Certified,2017
Sport,27998,48836 ,Certified,2019
LX,29995,27346 ,Certified,2022
EX,28995,14185 ,Certified,2020
Sport,25998,60936 ,Used,2018
Sport,31995,7127 ,Certified,2021
LX,17140,90720 ,Used,2017
EX,29998,22879 ,Used,2021
EX,25595,72490 ,Used,2017
Sport,23400,48149 ,Used,2019
Sport,23488,49410 ,Used,2019
EX,4799,192627 ,Used,2005
VP,3999,214124 ,Used,2005
EX,6999,178875 ,Used,2006
LX,31995,13199 ,Used,2020
EX,34995,8974 ,Used,2022
EX,11999,135141 ,Used,2015
LX,16995,64000 ,Used,2016
LX,8995,134000 ,Used,2010
Si,9000,92000 ,Used,2002
Sport,26985,11428 ,Used,2022
LX,24254,5196 ,Used,2019
Sport,25288,33262 ,Used,2020
Si,28888,25389 ,Used,2017
Sport,23033,43659 ,Used,2019
EX-T,19988,76312 ,Used,2016
EX,17777,94666 ,Used,2016
Sport,27779,10135 ,Used,2021
EX,28588,5029 ,Used,2020
Type R,41988,29792 ,Used,2021
EX,22999,74206 ,Used,2018
Si,34988,4670 ,Used,2022
Sport,26999,26214 ,Used,2020
Sport,26688,28157 ,Used,2018
EX,26288,26240 ,Used,2018
EX-L,25769,18997 ,Used,2020
Sport,26999,14228 ,Used,2022
EX,25699,24313 ,Used,2019
LX,23999,30760 ,Used,2020
Sport,26629,24574 ,Used,2020
LX,21988,33880 ,Used,2020
LX,24999,24015 ,Used,2020
EX,27999,41035 ,Used,2020
Sport,27390,16940 ,Used,2021
LX,22999,54535 ,Used,2020
LX,25999,10720 ,Used,2021
Sport,22999,71200 ,Used,2018
LX,21999,22379 ,Used,2019
EX-T,18988,46802 ,Used,2018
Sport,25488,12787 ,Used,2019
LX,15816,70860 ,Used,2015
Si,23800,56550 ,Used,2018
Sport,22000,42478 ,Used,2019
LX,22200,16388 ,Used,2019
LX,23899,16998 ,Used,2020
Sport,26000,20149 ,Used,2022
LX,21500,39954 ,Used,2020
EX-L,16000,98120 ,Used,2015
Touring,19887,67473 ,Used,2016
EX-T,16500,114831 ,Used,2017
Sport,26500,37439 ,Used,2022
Si,23000,50242 ,Used,2017
Sport,22997,26119 ,Used,2019
LX,21997,29093 ,Used,2020
Type R,39987,5759 ,Used,2018
EX-L,8499,134690 ,Used,2009
LX,12999,97191 ,Used,2014
LX,12500,94040 ,Used,2013
DX,3900,176198 ,Used,2003
VP,4350,143710 ,Used,2005
LX,5300,131950 ,Used,2001
LX,6999,146600 ,Used,2001
LX,5950,158048 ,Used,2002
LX,20999,20870 ,Used,2018
EX,24499,28321 ,Used,2018
Sport,27499,7593 ,Used,2021
Touring,31800,10110 ,Used,2022
Touring,12995,173020 ,Used,2016
EX-T,18996,88499 ,Used,2017
EX,24999,15839 ,Used,2019
LX,22995,22046 ,Used,2019
EX,8750,145086 ,Used,2007
Si,29999,25913 ,Used,2022
EX,25929,20353 ,Used,2022
Sport,21904,58421 ,Used,2019
Sport,24166,50813 ,Used,2020
EX-T,22411,64558 ,Used,2018
LX,14771,125204 ,Used,2016
Sport,22882,53569 ,Used,2018
LX,22897,30420 ,Used,2018
LX,22858,61112 ,Used,2020
EX-T,21743,46828 ,Used,2016
LX,9552,160365 ,Used,2012
LX,10997,140700 ,Used,2013
EX,21717,51953 ,Used,2019
EX-T,20777,27572 ,Used,2017
Sport Touring,23088,61501 ,Used,2018
Sport,26388,19960 ,Used,2020
LX,13441,100647 ,Used,2015
EX,14977,134131 ,Used,2018
EX-T,16995,93065 ,Used,2016
Si,16977,103444 ,Used,2012
Touring,21998,13921 ,Used,2017
Hybrid Sedan,16000,73530 ,Used,2014
EX,22917,46106 ,Used,2017
EX,17997,60000 ,Used,2016
EX-T,15998,118000 ,Used,2016
EX,19780,52955 ,Used,2017
Sport,21500,104577 ,Used,2019
LX,18795,28615 ,Used,2016
Hybrid Sedan,11980,116961 ,Used,2012
LX,15980,121325 ,Used,2018
LX,17500,77233 ,Used,2017
Si,12300,120026 ,Used,2008
LX,11480,122039 ,Used,2013
EX-L,14300,119537 ,Used,2015
EX-L,15300,140829 ,Used,2016
LX,13999,99466 ,Used,2015
LX,10995,139765 ,Used,2014
Sport,27371,8670 ,Used,2021
Sport Touring,23995,71217 ,Used,2018
Si,12998,164970 ,Used,2013
Si,27998,33654 ,Used,2018
EX,11998,116218 ,Used,2012
EX-T,17998,95068 ,Used,2017
EX,9495,121563 ,Used,2007
LX,16995,61738 ,Used,2016
Si,9995,138440 ,Used,2006
EX,17777,88839 ,Used,2016
Sport,24999,20007 ,Used,2018
LX,6900,125791 ,Used,2007
Sport,19900,41690 ,Used,2019
LX,15955,100675 ,Used,2019
LX,12988,114200 ,Used,2013
Si,23499,79975 ,Used,2018
EX-T,18488,78370 ,Used,2017
Sport,26797,51061 ,Certified,2020
EX,23797,43366 ,Certified,2020
EX,28705,30397 ,Certified,2018
EX,23597,63913 ,Certified,2020
Sport,19995,80916 ,Used,2020
EX,25742,35792 ,Used,2020
EX,23498,48585 ,Used,2020
EX,24398,37295 ,Used,2020
LX,22699,48841 ,Used,2020
EX,23999,36339 ,Used,2020
EX,17899,45645 ,Used,2014
Sport,26899,7102 ,Used,2019
LX,27500,16990 ,Used,2022
EX,25790,18682 ,Used,2021
LX,10988,126999 ,Used,2012
LX,20987,59399 ,Used,2019
Sport,22860,47466 ,Used,2019
EX,20499,61388 ,Used,2018
Sport,23985,58797 ,Used,2019
LX,18985,22425 ,Used,2020
Sport,23985,31155 ,Used,2021
EX-L,19985,32780 ,Used,2019
LX,14985,48239 ,Used,2013
EX,17985,42589 ,Used,2018
EX,18985,53235 ,Used,2019
EX,17985,36981 ,Used,2018
LX,21985,31383 ,Used,2019
Sport,21985,31000 ,Used,2019
EX-T,13985,96832 ,Used,2016
LX,22985,36311 ,Used,2019
EX,24985,40170 ,Used,2020
EX,11991,113046 ,Used,2010
LX,10991,104242 ,Used,2009
EX,22991,98160 ,Used,2019
Natural Gas,11991,107722 ,Used,2012
LX,7995,135237 ,Used,2008
EX-L,7499,136660 ,Used,2009
LX,9995,149989 ,Used,2012
LX-P,17995,104000 ,Used,2018
Hybrid Sedan,5500,153928 ,Used,2005
EX,7995,106640 ,Used,2011
EX,17725,83978 ,Used,2015
Sport,29988,20424 ,Used,2022
Sport,24199,40587 ,Used,2019
EX-T,26998,19805 ,Used,2018
LX,21320,49200 ,Used,2021
Si,25998,65090 ,Used,2020
Si,15199,94908 ,Used,2013
EX,19983,77230 ,Used,2018
EX-T,19398,52010 ,Used,2017
Si,14199,115501 ,Used,2012
EX-L,19390,68448 ,Used,2014
LX,23698,29324 ,Used,2020
Touring,17395,82542 ,Used,2016
EX,23999,46275 ,Used,2018
LX,22922,32253 ,Used,2019
EX,17432,90108 ,Used,2014
LX,11999,109230 ,Used,2013
LX,13999,86598 ,Used,2013
EX,21995,107410 ,Used,2019
EX,19995,95575 ,Used,2014
EX-L,20829,106930 ,Used,2020
LX,25998,12751 ,Certified,2021
Sport,25987,22628 ,Certified,2020
Sport,30787,28920 ,Certified,2022
Sport,26802,24348 ,Certified,2020
LX,21751,66285 ,Used,2019
Touring,19500,60672 ,Used,2017
LX,23495,25197 ,Certified,2020
Sport,25701,27401 ,Certified,2020
EX,27998,12560 ,Certified,2021
LX,24684,18935 ,Certified,2020
Sport,30787,28920 ,Certified,2022
LX,20566,30106 ,Used,2020
LX,25998,12751 ,Certified,2021
EX,27931,34867 ,Certified,2020
Sport,25987,22628 ,Certified,2020
LX,20988,37789 ,Used,2018
EX,26988,19213 ,Certified,2021
Sport,25488,47660 ,Certified,2020
LX,24988,14658 ,Certified,2020
Sport,28988,10778 ,Used,2022
Sport,26988,21892 ,Certified,2020
Touring,19987,70498 ,Used,2016
Sport,27681,9036 ,Used,2022
EX,7995,143149 ,Used,2007
LX,8995,115922 ,Used,2009
LX,9495,106517 ,Used,2008
LX-S,11995,118996 ,Used,2009
LX,8995,117088 ,Used,2011
EX-L,14995,64619 ,Used,2012
LX,11995,57869 ,Used,2008
LX,6995,116867 ,Used,2003
EX,11995,112539 ,Used,2011
LX,14995,71659 ,Used,2013
EX,11995,135850 ,Used,2012
EX,8995,95526 ,Used,2006
EX,8995,116157 ,Used,2008
EX,11995,63291 ,Used,2008
EX,16995,81291 ,Used,2015
EX,11995,56486 ,Used,2007
EX,9995,96968 ,Used,2008
EX,11995,71502 ,Used,2009
LX,18999,47930 ,Used,2018
LX,18999,48820 ,Used,2018
LX,14999,85364 ,Used,2015
EX,20500,75104 ,Used,2018
LX,18995,37208 ,Used,2017
LX,9795,122437 ,Used,2012
LX,22785,46605 ,Used,2020
EX-L,18995,33806 ,Used,2013
LX,18995,60906 ,Used,2016
LX,23995,33287 ,Used,2017
LX,14995,88268 ,Used,2012
EX,16995,98309 ,Used,2013
EX-L,22995,59131 ,Used,2017
LX,20995,67053 ,Used,2019
LX,10995,117166 ,Used,2011
LX,23995,28003 ,Used,2020
EX,11995,91296 ,Used,2010
Sport,25995,13380 ,Used,2022
LX,9985,91523 ,Used,2009
Sport,34998,3940 ,Used,2022
LX,21997,41010 ,Used,2019
EX,21199,36869 ,Used,2019
LX,22189,19564 ,Used,2020
Sport Touring,24439,34594 ,Used,2018
Sport,22989,39523 ,Used,2021
LX,20989,37230 ,Used,2019
EX-L,14389,78652 ,Used,2015
Sport,25955,41497 ,Used,2020
Sport,27955,19626 ,Used,2022
LX,23955,17296 ,Used,2020
LX,23169,29092 ,Used,2020
Sport,26955,21824 ,Used,2020
Sport,23955,40706 ,Used,2019
EX-L,24995,32316 ,Used,2019
EX,24485,35802 ,Used,2019
LX,22486,27452 ,Used,2020
LX,20955,43199 ,Used,2020
LX,22955,29121 ,Used,2020
Sport,23795,41789 ,Used,2020
EX,25955,19416 ,Used,2020
LX,22955,21966 ,Used,2020
EX,27955,22803 ,Certified,2022
EX,19995,79479 ,Used,2020
Sport,26995,32995 ,Used,2020
LX,25955,29637 ,Used,2022
LX,22955,37098 ,Used,2020
Sport,30177,13652 ,Used,2022
Sport,24955,18403 ,Certified,2019
Sport,28955,6026 ,Certified,2022
EX,19322,43504 ,Used,2018
EX-L,23388,49560 ,Used,2018
Sport,24491,15139 ,Used,2020
EX-L,13995,105221 ,Used,2012
LX,19802,16246 ,Used,2016
Sport,26987,17429 ,Used,2021
Si,18999,82926 ,Used,2015
LX,26999,13765 ,Used,2019
Sport,23500,32333 ,Used,2020
LX,24400,19464 ,Used,2019
Sport,25988,35543 ,Used,2019
Sport,29988,16521 ,Used,2022
Si,25890,51505 ,Used,2018
Sport,24998,45464 ,Used,2019
EX,20400,56000 ,Used,2019
EX,7690,154242 ,Used,2006
EX-T,17993,64696 ,Used,2017
Si,25000,27528 ,Certified,2019
Sport,24988,41488 ,Certified,2019
Sport,25988,26879 ,Certified,2019
Touring,23888,16781 ,Certified,2018
Sport,26995,19449 ,Used,2020
Sport,25995,15046 ,Used,2021
LX,9998,109847 ,Used,2013
LX,13995,93493 ,Used,2015
LX,23995,41308 ,Used,2020
EX,19114,89936 ,Used,2017
EX,25888,19585 ,Certified,2021
Touring,34888,6521 ,Certified,2022
EX,24888,34138 ,Certified,2019
LX,21988,37020 ,Certified,2020
Sport,26993,26335 ,Used,2021
Sport,22886,36935 ,Used,2019
Sport,24873,26208 ,Used,2020
Sport,23988,20811 ,Used,2019
EX,26961,13459 ,Used,2021
EX,16500,132196 ,Used,2017
EX,25988,27489 ,Used,2020
LX,22988,57510 ,Used,2019
LX,22855,21407 ,Used,2019
LX,24888,27174 ,Used,2020
EX-L,18988,81890 ,Used,2014
EX,26800,12614 ,Used,2022
Sport,24609,40138 ,Used,2021
EX,15909,71308 ,Used,2016
LX,17998,40784 ,Used,2017
Sport,23400,54642 ,Used,2019
EX,23000,34241 ,Used,2019
LX,14000,126700 ,Used,2017
LX,10000,150000 ,Used,2014
EX,27777,15468 ,Used,2021
EX-L,18777,64506 ,Used,2018
EX,25888,36729 ,Used,2019
EX-L,23188,10311 ,Used,2017
EX-T,24998,39738 ,Used,2018
LX,14900,87036 ,Used,2015
LX,20849,79982 ,Used,2019
Sport,22888,53012 ,Used,2020
Sport,18888,93311 ,Used,2019
EX,25888,9765 ,Used,2021
LX,22888,30268 ,Used,2020
Si,23554,99212 ,Used,2018
Sport,22354,43403 ,Used,2019
LX,19354,42657 ,Used,2019
LX,18354,87722 ,Used,2018
Sport,19888,78316 ,Used,2018
Sport,21888,47552 ,Used,2019
Sport,19888,80804 ,Used,2019
LX,20888,47794 ,Used,2019
Sport,24888,42615 ,Used,2021
LX,20354,44092 ,Used,2019
Sport,25888,19498 ,Certified,2022
Sport,24888,42539 ,Certified,2021
LX,21888,43734 ,Certified,2020
Type R,41888,31258 ,Certified,2021
LX,22488,11266 ,Used,2021
Sport,22774,50266 ,Certified,2020
Sport,22888,47573 ,Certified,2020
LX,21888,28887 ,Certified,2020
LX,21888,32394 ,Certified,2020
Sport,24888,44415 ,Certified,2021
Sport,23888,34861 ,Certified,2021
EX,25888,32131 ,Used,2020
Touring,21888,13153 ,Used,2017
Sport,22446,57894 ,Used,2019
Sport,27231,15708 ,Used,2022
EX,19943,55096 ,Used,2017
Si,25999,47255 ,Used,2018
Si,25999,52064 ,Used,2018
EX,28999,40498 ,Used,2021
LX,21999,51570 ,Used,2020
Si,24999,43943 ,Used,2018
Sport,28999,6925 ,Used,2021
Sport,27999,38271 ,Used,2020
Si,27995,48600 ,Used,2018
EX-T,25399,40715 ,Used,2018
Sport,17999,88505 ,Used,2019
LX,9343,134124 ,Used,2012
Touring,21724,12723 ,Used,2016
Sport,23141,49750 ,Used,2020
LX,12751,150363 ,Used,2016
Si,33988,4995 ,Used,2022
EX-L,31201,12509 ,Used,2022
Sport,24064,21601 ,Used,2020
LX,21787,32282 ,Used,2020
Sport,20995,86108 ,Used,2017
EX,22995,49405 ,Used,2017
LX,22995,35055 ,Used,2018
LX-P,22883,26869 ,Used,2018
EX,14488,106538 ,Used,2015
Sport,27995,24681 ,Used,2019
Si,25995,44794 ,Used,2018
EX,22353,39221 ,Used,2018
Si,13999,128923 ,Used,2011
LX,21900,23749 ,Used,2019
EX-L,22995,49280 ,Used,2018
LX,29900,16607 ,Certified,2022
Sport,24300,34616 ,Certified,2018
LX,23700,17535 ,Certified,2020
LX,15900,91299 ,Used,2015
Sport,24900,26914 ,Certified,2020
LX,23900,30601 ,Certified,2020
EX,21500,46513 ,Certified,2018
Sport,25900,27600 ,Certified,2019
LX,27900,17761 ,Certified,2020
Sport,32900,10701 ,Certified,2022
Sport,25900,20470 ,Certified,2021
Sport,24900,35000 ,Certified,2020
Sport,24600,24342 ,Certified,2020
LX,22300,38088 ,Certified,2019
Sport,29500,13812 ,Used,2022
LX,21498,27428 ,Used,2021
LX,15349,106574 ,Used,2018
LX,21092,22933 ,Used,2020
Sport,23995,17720 ,Used,2020
EX,21032,69903 ,Used,2017
EX,8999,137420 ,Used,2007
Si,25160,22312 ,Used,2019
EX,19150,75094 ,Used,2019
LX,18399,48208 ,Used,2018
EX,15595,80923 ,Used,2015
EX,13132,118847 ,Used,2014
LX-S,6642,157999 ,Used,2010
EX,11966,108746 ,Used,2013
Sport,28800,15044 ,Used,2022
LX,20900,42044 ,Used,2019
EX-L,13500,102697 ,Used,2013
Hybrid Sedan,13800,98850 ,Used,2012
EX-T,22500,48458 ,Used,2018
Sport,24977,33610 ,Used,2020
Si,25865,60239 ,Used,2018
Sport,25086,68287 ,Used,2019
EX,32638,19913 ,Used,2021
LX,15700,102416 ,Used,2014
LX,16700,39560 ,Used,2015
LX,9400,179753 ,Used,2012
Si,13900,91213 ,Used,2011
LX,24987,14516 ,Used,2021
Sport,25995,33790 ,Used,2020
Si,27488,29243 ,Used,2018
LX-P,20039,31705 ,Used,2016
EX,26469,20693 ,Used,2019
LX,24997,12783 ,Used,2020
LX,20846,64508 ,Used,2017
Si,28697,48871 ,Used,2020
Sport,25297,38862 ,Used,2020
Sport,24697,36636 ,Used,2019
EX,28560,4880 ,Used,2021
EX,24381,45038 ,Used,2018
Sport,26045,36152 ,Used,2020
EX,27178,21498 ,Used,2020
Sport,29995,16995 ,Used,2021
EX-T,23669,67839 ,Used,2018
LX,25344,38167 ,Used,2020
Sport,27615,37533 ,Used,2021
Si,30660,17929 ,Used,2020
Si,26663,50509 ,Used,2018
EX-L,26031,16714 ,Used,2020
Sport,26687,20083 ,Used,2020
EX,26919,36294 ,Certified,2019
Sport,28434,33843 ,Certified,2022
Sport,24186,41056 ,Certified,2020
EX,29968,20782 ,Certified,2022
EX,30291,7804 ,Certified,2021
Sport,27565,8078 ,Certified,2020
EX,26633,32651 ,Certified,2020
LX,21253,44675 ,Used,2019
EX-T,24171,49287 ,Certified,2018
LX,24127,15703 ,Certified,2019
EX-L,26960,25710 ,Certified,2020
EX,27351,26801 ,Certified,2020
Sport,24583,60065 ,Certified,2019
Sport,22987,65682 ,Used,2020
EX,27171,19782 ,Certified,2021
EX,21987,34110 ,Used,2018
Sport,27020,16508 ,Used,2021
EX,24865,21822 ,Used,2018
Sport,21865,60182 ,Used,2020
LX,3400,207864 ,Used,2005
Si,29985,45845 ,Used,2019
LX,21993,26609 ,Used,2019
EX,9995,116907 ,Used,2008
Hybrid Sedan,8793,170220 ,Used,2006
Sport,27993,8619 ,Used,2022
Sport,27994,13519 ,Certified,2022
Sport,23993,20088 ,Certified,2020
Sport,24998,26690 ,Certified,2018
LX,22973,29108 ,Certified,2020
Sport,29995,28873 ,Certified,2020
LX,21983,26395 ,Certified,2019
